trade_time,stock,position
2014-01-16,RM501.CZC,24430.0
2014-01-17,RM501.CZC,78240.0
2014-01-20,RM501.CZC,100842.0
2014-01-21,RM501.CZC,113780.0
2014-01-22,RM501.CZC,119882.0
2014-01-23,RM501.CZC,121774.0
2014-01-24,RM501.CZC,127094.0
2014-01-27,RM501.CZC,129740.0
2014-01-28,RM501.CZC,133154.0
2014-01-29,RM501.CZC,128896.0
2014-01-30,RM501.CZC,124306.0
2014-02-07,RM501.CZC,123490.0
2014-02-10,RM501.CZC,151786.0
2014-02-11,RM501.CZC,170866.0
2014-02-12,RM501.CZC,189208.0
2014-02-13,RM501.CZC,201566.0
2014-02-14,RM501.CZC,210436.0
2014-02-17,RM501.CZC,204688.0
2014-02-18,RM501.CZC,196966.0
2014-02-19,RM501.CZC,199712.0
2014-02-20,RM501.CZC,205752.0
2014-02-21,RM501.CZC,217366.0
2014-02-24,RM501.CZC,218080.0
2014-02-25,RM501.CZC,215844.0
2014-02-26,RM501.CZC,204154.0
2014-02-27,RM501.CZC,226754.0
2014-02-28,RM501.CZC,231990.0
2014-03-03,RM501.CZC,228354.0
2014-03-04,RM501.CZC,229478.0
2014-03-05,RM501.CZC,235526.0
2014-03-06,RM501.CZC,237412.0
2014-03-07,RM501.CZC,230434.0
2014-03-10,RM501.CZC,235146.0
2014-03-11,RM501.CZC,250736.0
2014-03-12,RM501.CZC,259460.0
2014-03-13,RM501.CZC,268700.0
2014-03-14,RM501.CZC,268944.0
2014-03-17,RM501.CZC,276418.0
2014-03-18,RM501.CZC,290990.0
2014-03-19,RM501.CZC,272518.0
2014-03-20,RM501.CZC,280958.0
2014-03-21,RM501.CZC,309672.0
2014-03-24,RM501.CZC,316818.0
2014-03-25,RM501.CZC,312464.0
2014-03-26,RM501.CZC,307300.0
2014-03-27,RM501.CZC,299634.0
2014-03-28,RM501.CZC,301354.0
2014-03-31,RM501.CZC,304014.0
2014-04-01,RM501.CZC,302066.0
2014-04-02,RM501.CZC,308514.0
2014-04-03,RM501.CZC,306766.0
2014-04-04,RM501.CZC,306158.0
2014-04-08,RM501.CZC,321116.0
2014-04-09,RM501.CZC,332444.0
2014-04-10,RM501.CZC,343904.0
2014-04-11,RM501.CZC,373748.0
2014-04-14,RM501.CZC,384010.0
2014-04-15,RM501.CZC,414992.0
2014-04-16,RM501.CZC,421624.0
2014-04-17,RM501.CZC,417384.0
2014-04-18,RM501.CZC,421330.0
2014-04-21,RM501.CZC,427484.0
2014-04-22,RM501.CZC,446324.0
2014-04-23,RM501.CZC,474382.0
2014-04-24,RM501.CZC,465296.0
2014-04-25,RM501.CZC,466844.0
2014-04-28,RM501.CZC,430912.0
2014-04-29,RM501.CZC,402876.0
2014-04-30,RM501.CZC,400996.0
2014-05-05,RM501.CZC,426950.0
2014-05-06,RM501.CZC,436380.0
2014-05-07,RM501.CZC,448284.0
2014-05-08,RM501.CZC,445930.0
2014-05-09,RM501.CZC,448366.0
2014-05-12,RM501.CZC,456504.0
2014-05-13,RM501.CZC,493548.0
2014-05-14,RM501.CZC,509410.0
2014-05-15,RM501.CZC,537950.0
2014-05-16,RM501.CZC,580978.0
2014-05-19,RM501.CZC,596448.0
2014-05-20,RM501.CZC,555348.0
2014-05-21,RM501.CZC,566752.0
2014-05-22,RM501.CZC,645180.0
2014-05-23,RM501.CZC,639046.0
2014-05-26,RM501.CZC,648432.0
2014-05-27,RM501.CZC,558950.0
2014-05-28,RM501.CZC,555312.0
2014-05-29,RM501.CZC,545780.0
2014-05-30,RM501.CZC,544582.0
2014-06-03,RM501.CZC,571224.0
2014-06-04,RM501.CZC,551688.0
2014-06-05,RM501.CZC,541712.0
2014-06-06,RM501.CZC,530974.0
2014-06-09,RM501.CZC,514708.0
2014-06-10,RM501.CZC,501602.0
2014-06-11,RM501.CZC,556706.0
2014-06-12,RM501.CZC,545722.0
2014-06-13,RM501.CZC,596104.0
2014-06-16,RM501.CZC,656638.0
2014-06-17,RM501.CZC,693766.0
2014-06-18,RM501.CZC,679382.0
2014-06-19,RM501.CZC,712934.0
2014-06-20,RM501.CZC,657086.0
2014-06-23,RM501.CZC,648662.0
2014-06-24,RM501.CZC,648158.0
2014-06-25,RM501.CZC,635782.0
2014-06-26,RM501.CZC,657026.0
2014-06-27,RM501.CZC,673512.0
2014-06-30,RM501.CZC,634290.0
2014-07-01,RM501.CZC,603814.0
2014-07-02,RM501.CZC,577272.0
2014-07-03,RM501.CZC,620406.0
2014-07-04,RM501.CZC,660654.0
2014-07-07,RM501.CZC,761008.0
2014-07-08,RM501.CZC,693872.0
2014-07-09,RM501.CZC,701740.0
2014-07-10,RM501.CZC,688462.0
2014-07-11,RM501.CZC,649274.0
2014-07-14,RM501.CZC,635898.0
2014-07-15,RM501.CZC,679104.0
2014-07-16,RM501.CZC,663004.0
2014-07-17,RM501.CZC,673936.0
2014-07-18,RM501.CZC,637284.0
2014-07-21,RM501.CZC,665062.0
2014-07-22,RM501.CZC,678522.0
2014-07-23,RM501.CZC,696008.0
2014-07-24,RM501.CZC,672376.0
2014-07-25,RM501.CZC,676386.0
2014-07-28,RM501.CZC,660968.0
2014-07-29,RM501.CZC,630782.0
2014-07-30,RM501.CZC,658254.0
2014-07-31,RM501.CZC,694898.0
2014-08-01,RM501.CZC,721076.0
2014-08-04,RM501.CZC,747762.0
2014-08-05,RM501.CZC,725454.0
2014-08-06,RM501.CZC,764946.0
2014-08-07,RM501.CZC,726370.0
2014-08-08,RM501.CZC,794068.0
2014-08-11,RM501.CZC,770186.0
2014-08-12,RM501.CZC,825416.0
2014-08-13,RM501.CZC,869008.0
2014-08-14,RM501.CZC,795524.0
2014-08-15,RM501.CZC,756556.0
2014-08-18,RM501.CZC,750372.0
2014-08-19,RM501.CZC,807894.0
2014-08-20,RM501.CZC,758900.0
2014-08-21,RM501.CZC,722340.0
2014-08-22,RM501.CZC,693200.0
2014-08-25,RM501.CZC,706214.0
2014-08-26,RM501.CZC,662706.0
2014-08-27,RM501.CZC,627604.0
2014-08-28,RM501.CZC,626206.0
2014-08-29,RM501.CZC,687120.0
2014-09-01,RM501.CZC,692460.0
2014-09-02,RM501.CZC,672834.0
2014-09-03,RM501.CZC,734120.0
2014-09-04,RM501.CZC,754340.0
2014-09-05,RM501.CZC,686566.0
2014-09-09,RM501.CZC,689346.0
2014-09-10,RM501.CZC,696006.0
2014-09-11,RM501.CZC,686502.0
2014-09-12,RM501.CZC,686090.0
2014-09-15,RM501.CZC,677990.0
2014-09-16,RM501.CZC,664390.0
2014-09-17,RM501.CZC,682708.0
2014-09-18,RM501.CZC,676148.0
2014-09-19,RM501.CZC,726080.0
2014-09-22,RM501.CZC,726768.0
2014-09-23,RM501.CZC,753028.0
2014-09-24,RM501.CZC,755842.0
2014-09-25,RM501.CZC,766396.0
2014-09-26,RM501.CZC,740466.0
2014-09-29,RM501.CZC,682656.0
2014-09-30,RM501.CZC,618978.0
2014-10-08,RM501.CZC,614152.0
2014-10-09,RM501.CZC,616558.0
2014-10-10,RM501.CZC,693500.0
2014-10-13,RM501.CZC,618658.0
2014-10-14,RM501.CZC,566140.0
2014-10-15,RM501.CZC,569600.0
2014-10-16,RM501.CZC,574472.0
2014-10-17,RM501.CZC,561384.0
2014-10-20,RM501.CZC,559340.0
2014-10-21,RM501.CZC,583638.0
2014-10-22,RM501.CZC,558112.0
2014-10-23,RM501.CZC,567520.0
2014-10-24,RM501.CZC,620194.0
2014-10-27,RM501.CZC,624118.0
2014-10-28,RM501.CZC,629528.0
2014-10-29,RM501.CZC,701754.0
2014-10-30,RM501.CZC,651310.0
2014-10-31,RM501.CZC,628372.0
2014-11-03,RM501.CZC,640170.0
2014-11-04,RM501.CZC,631256.0
2014-11-05,RM501.CZC,591824.0
2014-11-06,RM501.CZC,637200.0
2014-11-07,RM501.CZC,585682.0
2014-11-10,RM501.CZC,581936.0
2014-11-11,RM505.CZC,578412.0
2014-11-12,RM505.CZC,575512.0
2014-11-13,RM505.CZC,622220.0
2014-11-14,RM505.CZC,609978.0
2014-11-17,RM505.CZC,615544.0
2014-11-18,RM505.CZC,607862.0
2014-11-19,RM505.CZC,665412.0
2014-11-20,RM505.CZC,681496.0
2014-11-21,RM505.CZC,723124.0
2014-11-24,RM505.CZC,725334.0
2014-11-25,RM505.CZC,746304.0
2014-11-26,RM505.CZC,790096.0
2014-11-27,RM505.CZC,758484.0
2014-11-28,RM505.CZC,723130.0
2014-12-01,RM505.CZC,714892.0
2014-12-02,RM505.CZC,706596.0
2014-12-03,RM505.CZC,800876.0
2014-12-04,RM505.CZC,844554.0
2014-12-05,RM505.CZC,843956.0
2014-12-08,RM505.CZC,832580.0
2014-12-09,RM505.CZC,863972.0
2014-12-10,RM505.CZC,939588.0
2014-12-11,RM505.CZC,991158.0
2014-12-12,RM505.CZC,987822.0
2014-12-15,RM505.CZC,986234.0
2014-12-16,RM505.CZC,978758.0
2014-12-17,RM505.CZC,1010842.0
2014-12-18,RM505.CZC,1035104.0
2014-12-19,RM505.CZC,1000480.0
2014-12-22,RM505.CZC,1001392.0
2014-12-23,RM505.CZC,988836.0
2014-12-24,RM505.CZC,1030440.0
2014-12-25,RM505.CZC,1040126.0
2014-12-26,RM505.CZC,1015800.0
2014-12-29,RM505.CZC,926784.0
2014-12-30,RM505.CZC,896644.0
2014-12-31,RM505.CZC,872298.0
2015-01-05,RM505.CZC,913176.0
2015-01-06,RM505.CZC,862134.0
2015-01-07,RM505.CZC,888732.0
2015-01-08,RM505.CZC,882012.0
2015-01-09,RM505.CZC,925856.0
2015-01-12,RM505.CZC,904518.0
2015-01-13,RM505.CZC,981434.0
2015-01-14,RM505.CZC,1000516.0
2015-01-15,RM505.CZC,954094.0
2015-01-16,RM505.CZC,1029920.0
2015-01-19,RM505.CZC,919774.0
2015-01-20,RM505.CZC,920812.0
2015-01-21,RM505.CZC,971446.0
2015-01-22,RM505.CZC,995964.0
2015-01-23,RM505.CZC,1032376.0
2015-01-26,RM505.CZC,1044194.0
2015-01-27,RM505.CZC,960232.0
2015-01-28,RM505.CZC,948014.0
2015-01-29,RM505.CZC,968860.0
2015-01-30,RM505.CZC,916972.0
2015-02-02,RM505.CZC,1016280.0
2015-02-03,RM505.CZC,931860.0
2015-02-04,RM505.CZC,810250.0
2015-02-05,RM505.CZC,812122.0
2015-02-06,RM505.CZC,813976.0
2015-02-09,RM505.CZC,811744.0
2015-02-10,RM505.CZC,812872.0
2015-02-11,RM505.CZC,788192.0
2015-02-12,RM505.CZC,729996.0
2015-02-13,RM505.CZC,746810.0
2015-02-16,RM505.CZC,694120.0
2015-02-17,RM505.CZC,659016.0
2015-02-25,RM505.CZC,646864.0
2015-02-26,RM505.CZC,706064.0
2015-02-27,RM505.CZC,693968.0
2015-03-02,RM509.CZC,716954.0
2015-03-03,RM509.CZC,717064.0
2015-03-04,RM509.CZC,731552.0
2015-03-05,RM509.CZC,729528.0
2015-03-06,RM509.CZC,766284.0
2015-03-09,RM509.CZC,829284.0
2015-03-10,RM509.CZC,898814.0
2015-03-11,RM509.CZC,1153664.0
2015-03-12,RM509.CZC,1308258.0
2015-03-13,RM509.CZC,1322408.0
2015-03-16,RM509.CZC,1289148.0
2015-03-17,RM509.CZC,1352232.0
2015-03-18,RM509.CZC,1365306.0
2015-03-19,RM509.CZC,1384906.0
2015-03-20,RM509.CZC,1404120.0
2015-03-23,RM509.CZC,1483566.0
2015-03-24,RM509.CZC,1573708.0
2015-03-25,RM509.CZC,1563924.0
2015-03-26,RM509.CZC,1548188.0
2015-03-27,RM509.CZC,1565656.0
2015-03-30,RM509.CZC,1624372.0
2015-03-31,RM509.CZC,1616478.0
2015-04-01,RM509.CZC,1691244.0
2015-04-02,RM509.CZC,1682330.0
2015-04-03,RM509.CZC,1611646.0
2015-04-07,RM509.CZC,1672258.0
2015-04-08,RM509.CZC,1751128.0
2015-04-09,RM509.CZC,1759304.0
2015-04-10,RM509.CZC,1674206.0
2015-04-13,RM509.CZC,1650876.0
2015-04-14,RM509.CZC,1628284.0
2015-04-15,RM509.CZC,1615712.0
2015-04-16,RM509.CZC,1582972.0
2015-04-17,RM509.CZC,1584978.0
2015-04-20,RM509.CZC,1542390.0
2015-04-21,RM509.CZC,1510916.0
2015-04-22,RM509.CZC,1549612.0
2015-04-23,RM509.CZC,1560718.0
2015-04-24,RM509.CZC,1598078.0
2015-04-27,RM509.CZC,1656184.0
2015-04-28,RM509.CZC,1679452.0
2015-04-29,RM509.CZC,1631998.0
2015-04-30,RM509.CZC,1619986.0
2015-05-04,RM509.CZC,1653182.0
2015-05-05,RM509.CZC,1696596.0
2015-05-06,RM509.CZC,1735404.0
2015-05-07,RM509.CZC,1808384.0
2015-05-08,RM509.CZC,1742394.0
2015-05-11,RM509.CZC,1720976.0
2015-05-12,RM509.CZC,1673658.0
2015-05-13,RM509.CZC,1691910.0
2015-05-14,RM509.CZC,1769046.0
2015-05-15,RM509.CZC,1781178.0
2015-05-18,RM509.CZC,1730378.0
2015-05-19,RM509.CZC,1704658.0
2015-05-20,RM509.CZC,1649206.0
2015-05-21,RM509.CZC,1734298.0
2015-05-22,RM509.CZC,1712008.0
2015-05-25,RM509.CZC,1742198.0
2015-05-26,RM509.CZC,1657188.0
2015-05-27,RM509.CZC,1623580.0
2015-05-28,RM509.CZC,1520662.0
2015-05-29,RM509.CZC,1509880.0
2015-06-01,RM509.CZC,1575066.0
2015-06-02,RM509.CZC,1462864.0
2015-06-03,RM509.CZC,1398194.0
2015-06-04,RM509.CZC,1353798.0
2015-06-05,RM509.CZC,1356576.0
2015-06-08,RM509.CZC,1390528.0
2015-06-09,RM509.CZC,1391618.0
2015-06-10,RM509.CZC,1384082.0
2015-06-11,RM509.CZC,1387316.0
2015-06-12,RM509.CZC,1426622.0
2015-06-15,RM509.CZC,1417532.0
2015-06-16,RM509.CZC,1368270.0
2015-06-17,RM509.CZC,1265780.0
2015-06-18,RM509.CZC,1223604.0
2015-06-19,RM509.CZC,1179628.0
2015-06-23,RM509.CZC,1142726.0
2015-06-24,RM509.CZC,1143792.0
2015-06-25,RM509.CZC,1120354.0
2015-06-26,RM509.CZC,1042190.0
2015-06-29,RM509.CZC,1011322.0
2015-06-30,RM509.CZC,998262.0
2015-07-01,RM509.CZC,875642.0
2015-07-02,RM509.CZC,814580.0
2015-07-03,RM509.CZC,855038.0
2015-07-06,RM509.CZC,714296.0
2015-07-07,RM509.CZC,668432.0
2015-07-08,RM509.CZC,505470.0
2015-07-09,RM509.CZC,415750.0
2015-07-10,RM509.CZC,449664.0
2015-07-13,RM509.CZC,472808.0
2015-07-14,RM509.CZC,644918.0
2015-07-15,RM509.CZC,508668.0
2015-07-16,RM509.CZC,492690.0
2015-07-17,RM509.CZC,429088.0
2015-07-20,RM509.CZC,405926.0
2015-07-21,RM509.CZC,401836.0
2015-07-22,RM509.CZC,394528.0
2015-07-23,RM601.CZC,444334.0
2015-07-24,RM601.CZC,417920.0
2015-07-27,RM601.CZC,406986.0
2015-07-28,RM601.CZC,394664.0
2015-07-29,RM601.CZC,438440.0
2015-07-30,RM601.CZC,441468.0
2015-07-31,RM601.CZC,486498.0
2015-08-03,RM601.CZC,518070.0
2015-08-04,RM601.CZC,524996.0
2015-08-05,RM601.CZC,520152.0
2015-08-06,RM601.CZC,519998.0
2015-08-07,RM601.CZC,513670.0
2015-08-10,RM601.CZC,481412.0
2015-08-11,RM601.CZC,449116.0
2015-08-12,RM601.CZC,499034.0
2015-08-13,RM601.CZC,475364.0
2015-08-14,RM601.CZC,465452.0
2015-08-17,RM601.CZC,501186.0
2015-08-18,RM601.CZC,543416.0
2015-08-19,RM601.CZC,573974.0
2015-08-20,RM601.CZC,638604.0
2015-08-21,RM601.CZC,643900.0
2015-08-24,RM601.CZC,635556.0
2015-08-25,RM601.CZC,539620.0
2015-08-26,RM601.CZC,572416.0
2015-08-27,RM601.CZC,537302.0
2015-08-28,RM601.CZC,496716.0
2015-08-31,RM601.CZC,476418.0
2015-09-01,RM601.CZC,498312.0
2015-09-02,RM601.CZC,449332.0
2015-09-07,RM601.CZC,534484.0
2015-09-08,RM601.CZC,584102.0
2015-09-09,RM601.CZC,665178.0
2015-09-10,RM601.CZC,601976.0
2015-09-11,RM601.CZC,591432.0
2015-09-14,RM601.CZC,584552.0
2015-09-15,RM601.CZC,629862.0
2015-09-16,RM601.CZC,589660.0
2015-09-17,RM601.CZC,610688.0
2015-09-18,RM601.CZC,685402.0
2015-09-21,RM601.CZC,658030.0
2015-09-22,RM601.CZC,663428.0
2015-09-23,RM601.CZC,649132.0
2015-09-24,RM601.CZC,642030.0
2015-09-25,RM601.CZC,601546.0
2015-09-28,RM601.CZC,599656.0
2015-09-29,RM601.CZC,540758.0
2015-09-30,RM601.CZC,490874.0
2015-10-08,RM601.CZC,563114.0
2015-10-09,RM601.CZC,624260.0
2015-10-12,RM601.CZC,624012.0
2015-10-13,RM601.CZC,652346.0
2015-10-14,RM601.CZC,630034.0
2015-10-15,RM601.CZC,632364.0
2015-10-16,RM601.CZC,686576.0
2015-10-19,RM601.CZC,723970.0
2015-10-20,RM601.CZC,781652.0
2015-10-21,RM601.CZC,804838.0
2015-10-22,RM601.CZC,744684.0
2015-10-23,RM601.CZC,718438.0
2015-10-26,RM601.CZC,685840.0
2015-10-27,RM601.CZC,661528.0
2015-10-28,RM601.CZC,652398.0
2015-10-29,RM601.CZC,655066.0
2015-10-30,RM601.CZC,645118.0
2015-11-02,RM601.CZC,665708.0
2015-11-03,RM601.CZC,637552.0
2015-11-04,RM601.CZC,598948.0
2015-11-05,RM601.CZC,578764.0
2015-11-06,RM601.CZC,566070.0
2015-11-09,RM601.CZC,519370.0
2015-11-10,RM601.CZC,510512.0
2015-11-11,RM601.CZC,525892.0
2015-11-12,RM601.CZC,581924.0
2015-11-13,RM601.CZC,579844.0
2015-11-16,RM601.CZC,611364.0
2015-11-17,RM601.CZC,622876.0
2015-11-18,RM601.CZC,641990.0
2015-11-19,RM601.CZC,587568.0
2015-11-20,RM601.CZC,546510.0
2015-11-23,RM601.CZC,507074.0
2015-11-24,RM601.CZC,418768.0
2015-11-25,RM601.CZC,389680.0
2015-11-26,RM601.CZC,341108.0
2015-11-27,RM601.CZC,316528.0
2015-11-30,RM605.CZC,321808.0
2015-12-01,RM605.CZC,323680.0
2015-12-02,RM605.CZC,352416.0
2015-12-03,RM605.CZC,413440.0
2015-12-04,RM605.CZC,427364.0
2015-12-07,RM605.CZC,438782.0
2015-12-08,RM605.CZC,514916.0
2015-12-09,RM605.CZC,553536.0
2015-12-10,RM605.CZC,564386.0
2015-12-11,RM605.CZC,517744.0
2015-12-14,RM605.CZC,502678.0
2015-12-15,RM605.CZC,501130.0
2015-12-16,RM605.CZC,538722.0
2015-12-17,RM605.CZC,555838.0
2015-12-18,RM605.CZC,568312.0
2015-12-21,RM605.CZC,546054.0
2015-12-22,RM605.CZC,541662.0
2015-12-23,RM605.CZC,521480.0
2015-12-24,RM605.CZC,520650.0
2015-12-25,RM605.CZC,535654.0
2015-12-28,RM605.CZC,562512.0
2015-12-29,RM605.CZC,560248.0
2015-12-30,RM605.CZC,564370.0
2015-12-31,RM605.CZC,536740.0
2016-01-04,RM605.CZC,541854.0
2016-01-05,RM605.CZC,544460.0
2016-01-06,RM605.CZC,561082.0
2016-01-07,RM605.CZC,560304.0
2016-01-08,RM605.CZC,575358.0
2016-01-11,RM605.CZC,567624.0
2016-01-12,RM605.CZC,587602.0
2016-01-13,RM605.CZC,681694.0
2016-01-14,RM605.CZC,684138.0
2016-01-15,RM605.CZC,664146.0
2016-01-18,RM605.CZC,727538.0
2016-01-19,RM605.CZC,671874.0
2016-01-20,RM605.CZC,681608.0
2016-01-21,RM605.CZC,656068.0
2016-01-22,RM605.CZC,629676.0
2016-01-25,RM605.CZC,597326.0
2016-01-26,RM605.CZC,595482.0
2016-01-27,RM605.CZC,571974.0
2016-01-28,RM605.CZC,576994.0
2016-01-29,RM605.CZC,543544.0
2016-02-01,RM605.CZC,516298.0
2016-02-02,RM605.CZC,514832.0
2016-02-03,RM605.CZC,480472.0
2016-02-04,RM605.CZC,435508.0
2016-02-05,RM605.CZC,389510.0
2016-02-15,RM605.CZC,417464.0
2016-02-16,RM605.CZC,480420.0
2016-02-17,RM605.CZC,475364.0
2016-02-18,RM605.CZC,480596.0
2016-02-19,RM605.CZC,499780.0
2016-02-22,RM605.CZC,519500.0
2016-02-23,RM605.CZC,506038.0
2016-02-24,RM605.CZC,516138.0
2016-02-25,RM605.CZC,573156.0
2016-02-26,RM605.CZC,576510.0
2016-02-29,RM605.CZC,602462.0
2016-03-01,RM605.CZC,580940.0
2016-03-02,RM605.CZC,546402.0
2016-03-03,RM605.CZC,511868.0
2016-03-04,RM605.CZC,492374.0
2016-03-07,RM605.CZC,470460.0
2016-03-08,RM605.CZC,431124.0
2016-03-09,RM605.CZC,425884.0
2016-03-10,RM605.CZC,403004.0
2016-03-11,RM609.CZC,419516.0
2016-03-14,RM609.CZC,438272.0
2016-03-15,RM609.CZC,445234.0
2016-03-16,RM609.CZC,456720.0
2016-03-17,RM609.CZC,449096.0
2016-03-18,RM609.CZC,514806.0
2016-03-21,RM609.CZC,509570.0
2016-03-22,RM609.CZC,638826.0
2016-03-23,RM609.CZC,653568.0
2016-03-24,RM609.CZC,848034.0
2016-03-25,RM609.CZC,855576.0
2016-03-28,RM609.CZC,863240.0
2016-03-29,RM609.CZC,868914.0
2016-03-30,RM609.CZC,861898.0
2016-03-31,RM609.CZC,798440.0
2016-04-01,RM609.CZC,754810.0
2016-04-05,RM609.CZC,785662.0
2016-04-06,RM609.CZC,788400.0
2016-04-07,RM609.CZC,769826.0
2016-04-08,RM609.CZC,775204.0
2016-04-11,RM609.CZC,832866.0
2016-04-12,RM609.CZC,909370.0
2016-04-13,RM609.CZC,803462.0
2016-04-14,RM609.CZC,809924.0
2016-04-15,RM609.CZC,819434.0
2016-04-18,RM609.CZC,805614.0
2016-04-19,RM609.CZC,820064.0
2016-04-20,RM609.CZC,744702.0
2016-04-21,RM609.CZC,704762.0
2016-04-22,RM609.CZC,572176.0
2016-04-25,RM609.CZC,642428.0
2016-04-26,RM609.CZC,622256.0
2016-04-27,RM609.CZC,644932.0
2016-04-28,RM609.CZC,626126.0
2016-04-29,RM609.CZC,603460.0
2016-05-03,RM609.CZC,603914.0
2016-05-04,RM609.CZC,584486.0
2016-05-05,RM609.CZC,656552.0
2016-05-06,RM609.CZC,610976.0
2016-05-09,RM609.CZC,596856.0
2016-05-10,RM609.CZC,613164.0
2016-05-11,RM609.CZC,653272.0
2016-05-12,RM609.CZC,609276.0
2016-05-13,RM609.CZC,594944.0
2016-05-16,RM609.CZC,599500.0
2016-05-17,RM609.CZC,667810.0
2016-05-18,RM609.CZC,717514.0
2016-05-19,RM609.CZC,729678.0
2016-05-20,RM609.CZC,805014.0
2016-05-23,RM609.CZC,741244.0
2016-05-24,RM609.CZC,713650.0
2016-05-25,RM609.CZC,675558.0
2016-05-26,RM609.CZC,695878.0
2016-05-27,RM609.CZC,708954.0
2016-05-30,RM609.CZC,817000.0
2016-05-31,RM609.CZC,795744.0
2016-06-01,RM609.CZC,870862.0
2016-06-02,RM609.CZC,1016562.0
2016-06-03,RM609.CZC,1054782.0
2016-06-06,RM609.CZC,1010620.0
2016-06-07,RM609.CZC,1004428.0
2016-06-08,RM609.CZC,928260.0
2016-06-13,RM609.CZC,905916.0
2016-06-14,RM609.CZC,754576.0
2016-06-15,RM609.CZC,1008740.0
2016-06-16,RM609.CZC,906788.0
2016-06-17,RM609.CZC,950072.0
2016-06-20,RM609.CZC,1001538.0
2016-06-21,RM609.CZC,976328.0
2016-06-22,RM609.CZC,967176.0
2016-06-23,RM609.CZC,957184.0
2016-06-24,RM609.CZC,937838.0
2016-06-27,RM609.CZC,1020548.0
2016-06-28,RM609.CZC,1031874.0
2016-06-29,RM609.CZC,861656.0
2016-06-30,RM609.CZC,1030086.0
2016-07-01,RM609.CZC,958392.0
2016-07-04,RM609.CZC,830648.0
2016-07-05,RM609.CZC,733880.0
2016-07-06,RM609.CZC,673726.0
2016-07-07,RM609.CZC,680322.0
2016-07-08,RM609.CZC,568960.0
2016-07-11,RM609.CZC,689408.0
2016-07-12,RM609.CZC,601080.0
2016-07-13,RM609.CZC,572402.0
2016-07-14,RM609.CZC,514348.0
2016-07-15,RM609.CZC,549744.0
2016-07-18,RM609.CZC,488602.0
2016-07-19,RM609.CZC,534216.0
2016-07-20,RM609.CZC,568412.0
2016-07-21,RM609.CZC,576244.0
2016-07-22,RM609.CZC,566106.0
2016-07-25,RM609.CZC,541862.0
2016-07-26,RM609.CZC,540456.0
2016-07-27,RM609.CZC,530608.0
2016-07-28,RM609.CZC,512310.0
2016-07-29,RM609.CZC,518432.0
2016-08-01,RM609.CZC,516974.0
2016-08-02,RM609.CZC,453848.0
2016-08-03,RM609.CZC,419044.0
2016-08-04,RM701.CZC,421514.0
2016-08-05,RM701.CZC,503702.0
2016-08-08,RM701.CZC,522486.0
2016-08-09,RM701.CZC,551164.0
2016-08-10,RM701.CZC,637020.0
2016-08-11,RM701.CZC,637674.0
2016-08-12,RM701.CZC,672466.0
2016-08-15,RM701.CZC,680374.0
2016-08-16,RM701.CZC,693468.0
2016-08-17,RM701.CZC,719260.0
2016-08-18,RM701.CZC,740854.0
2016-08-19,RM701.CZC,717662.0
2016-08-22,RM701.CZC,696740.0
2016-08-23,RM701.CZC,710486.0
2016-08-24,RM701.CZC,745936.0
2016-08-25,RM701.CZC,750214.0
2016-08-26,RM701.CZC,712626.0
2016-08-29,RM701.CZC,749226.0
2016-08-30,RM701.CZC,749564.0
2016-08-31,RM701.CZC,790192.0
2016-09-01,RM701.CZC,834518.0
2016-09-02,RM701.CZC,793708.0
2016-09-05,RM701.CZC,838050.0
2016-09-06,RM701.CZC,797022.0
2016-09-07,RM701.CZC,758042.0
2016-09-08,RM701.CZC,748902.0
2016-09-09,RM701.CZC,726126.0
2016-09-12,RM701.CZC,694898.0
2016-09-13,RM701.CZC,662424.0
2016-09-14,RM701.CZC,630556.0
2016-09-19,RM701.CZC,624104.0
2016-09-20,RM701.CZC,674098.0
2016-09-21,RM701.CZC,672420.0
2016-09-22,RM701.CZC,664800.0
2016-09-23,RM701.CZC,679216.0
2016-09-26,RM701.CZC,669680.0
2016-09-27,RM701.CZC,659486.0
2016-09-28,RM701.CZC,639132.0
2016-09-29,RM701.CZC,565278.0
2016-09-30,RM701.CZC,498562.0
2016-10-10,RM701.CZC,543514.0
2016-10-11,RM701.CZC,569784.0
2016-10-12,RM701.CZC,597518.0
2016-10-13,RM701.CZC,622080.0
2016-10-14,RM701.CZC,571582.0
2016-10-17,RM701.CZC,585452.0
2016-10-18,RM701.CZC,570942.0
2016-10-19,RM701.CZC,574088.0
2016-10-20,RM701.CZC,592498.0
2016-10-21,RM701.CZC,592406.0
2016-10-24,RM701.CZC,592194.0
2016-10-25,RM701.CZC,565114.0
2016-10-26,RM701.CZC,542398.0
2016-10-27,RM701.CZC,586466.0
2016-10-28,RM701.CZC,546954.0
2016-10-31,RM701.CZC,563904.0
2016-11-01,RM701.CZC,578838.0
2016-11-02,RM701.CZC,589794.0
2016-11-03,RM701.CZC,592270.0
2016-11-04,RM701.CZC,584850.0
2016-11-07,RM701.CZC,543514.0
2016-11-08,RM701.CZC,522094.0
2016-11-09,RM701.CZC,537176.0
2016-11-10,RM701.CZC,517140.0
2016-11-11,RM701.CZC,516354.0
2016-11-14,RM701.CZC,440262.0
2016-11-15,RM701.CZC,371420.0
2016-11-16,RM701.CZC,430510.0
2016-11-17,RM701.CZC,441456.0
2016-11-18,RM701.CZC,419730.0
2016-11-21,RM701.CZC,494658.0
2016-11-22,RM701.CZC,449890.0
2016-11-23,RM701.CZC,438834.0
2016-11-24,RM701.CZC,378214.0
2016-11-25,RM705.CZC,388358.0
2016-11-28,RM705.CZC,532978.0
2016-11-29,RM705.CZC,571174.0
2016-11-30,RM705.CZC,513338.0
2016-12-01,RM705.CZC,546998.0
2016-12-02,RM705.CZC,565972.0
2016-12-05,RM705.CZC,616304.0
2016-12-06,RM705.CZC,606450.0
2016-12-07,RM705.CZC,635900.0
2016-12-08,RM705.CZC,613744.0
2016-12-09,RM705.CZC,600414.0
2016-12-12,RM705.CZC,590814.0
2016-12-13,RM705.CZC,648938.0
2016-12-14,RM705.CZC,613668.0
2016-12-15,RM705.CZC,623042.0
2016-12-16,RM705.CZC,629688.0
2016-12-19,RM705.CZC,631930.0
2016-12-20,RM705.CZC,591352.0
2016-12-21,RM705.CZC,611328.0
2016-12-22,RM705.CZC,620368.0
2016-12-23,RM705.CZC,615856.0
2016-12-26,RM705.CZC,625090.0
2016-12-27,RM705.CZC,585036.0
2016-12-28,RM705.CZC,549396.0
2016-12-29,RM705.CZC,527582.0
2016-12-30,RM705.CZC,513852.0
2017-01-03,RM705.CZC,558252.0
2017-01-04,RM705.CZC,571046.0
2017-01-05,RM705.CZC,564484.0
2017-01-06,RM705.CZC,566928.0
2017-01-09,RM705.CZC,617382.0
2017-01-10,RM705.CZC,661598.0
2017-01-11,RM705.CZC,645714.0
2017-01-12,RM705.CZC,607116.0
2017-01-13,RM705.CZC,642622.0
2017-01-16,RM705.CZC,663630.0
2017-01-17,RM705.CZC,644878.0
2017-01-18,RM705.CZC,624882.0
2017-01-19,RM705.CZC,664100.0
2017-01-20,RM705.CZC,606536.0
2017-01-23,RM705.CZC,629792.0
2017-01-24,RM705.CZC,631250.0
2017-01-25,RM705.CZC,595760.0
2017-01-26,RM705.CZC,530166.0
2017-02-03,RM705.CZC,552454.0
2017-02-06,RM705.CZC,753160.0
2017-02-07,RM705.CZC,776398.0
2017-02-08,RM705.CZC,824552.0
2017-02-09,RM705.CZC,770320.0
2017-02-10,RM705.CZC,834790.0
2017-02-13,RM705.CZC,793262.0
2017-02-14,RM705.CZC,794246.0
2017-02-15,RM705.CZC,782030.0
2017-02-16,RM705.CZC,779974.0
2017-02-17,RM705.CZC,724566.0
2017-02-20,RM705.CZC,691052.0
2017-02-21,RM705.CZC,661664.0
2017-02-22,RM705.CZC,658224.0
2017-02-23,RM705.CZC,619144.0
2017-02-24,RM705.CZC,610826.0
2017-02-27,RM705.CZC,602928.0
2017-02-28,RM705.CZC,606580.0
2017-03-01,RM705.CZC,598994.0
2017-03-02,RM705.CZC,587098.0
2017-03-03,RM705.CZC,581046.0
2017-03-06,RM705.CZC,644552.0
2017-03-07,RM705.CZC,620928.0
2017-03-08,RM705.CZC,576620.0
2017-03-09,RM705.CZC,537324.0
2017-03-10,RM705.CZC,534830.0
2017-03-13,RM705.CZC,494770.0
2017-03-14,RM705.CZC,552924.0
2017-03-15,RM705.CZC,447406.0
2017-03-16,RM705.CZC,469088.0
2017-03-17,RM709.CZC,483768.0
2017-03-20,RM709.CZC,539272.0
2017-03-21,RM709.CZC,591044.0
2017-03-22,RM709.CZC,647822.0
2017-03-23,RM709.CZC,710214.0
2017-03-24,RM709.CZC,665596.0
2017-03-27,RM709.CZC,710102.0
2017-03-28,RM709.CZC,704086.0
2017-03-29,RM709.CZC,748286.0
2017-03-30,RM709.CZC,740078.0
2017-03-31,RM709.CZC,749918.0
2017-04-05,RM709.CZC,792230.0
2017-04-06,RM709.CZC,874868.0
2017-04-07,RM709.CZC,864950.0
2017-04-10,RM709.CZC,853534.0
2017-04-11,RM709.CZC,847834.0
2017-04-12,RM709.CZC,908484.0
2017-04-13,RM709.CZC,882566.0
2017-04-14,RM709.CZC,872004.0
2017-04-17,RM709.CZC,884808.0
2017-04-18,RM709.CZC,908902.0
2017-04-19,RM709.CZC,998990.0
2017-04-20,RM709.CZC,1036024.0
2017-04-21,RM709.CZC,1030796.0
2017-04-24,RM709.CZC,1119082.0
2017-04-25,RM709.CZC,1061080.0
2017-04-26,RM709.CZC,1068532.0
2017-04-27,RM709.CZC,1030846.0
2017-04-28,RM709.CZC,1005384.0
2017-05-02,RM709.CZC,1076436.0
2017-05-03,RM709.CZC,1059782.0
2017-05-04,RM709.CZC,1096866.0
2017-05-05,RM709.CZC,1102338.0
2017-05-08,RM709.CZC,1048500.0
2017-05-09,RM709.CZC,1003548.0
2017-05-10,RM709.CZC,1001326.0
2017-05-11,RM709.CZC,1020934.0
2017-05-12,RM709.CZC,1026590.0
2017-05-15,RM709.CZC,1006258.0
2017-05-16,RM709.CZC,1036198.0
2017-05-17,RM709.CZC,980466.0
2017-05-18,RM709.CZC,1041764.0
2017-05-19,RM709.CZC,1024004.0
2017-05-22,RM709.CZC,1054642.0
2017-05-23,RM709.CZC,1040684.0
2017-05-24,RM709.CZC,1103122.0
2017-05-25,RM709.CZC,1057184.0
2017-05-26,RM709.CZC,1094686.0
2017-05-31,RM709.CZC,1033388.0
2017-06-01,RM709.CZC,1007052.0
2017-06-02,RM709.CZC,1022662.0
2017-06-05,RM709.CZC,984802.0
2017-06-06,RM709.CZC,974316.0
2017-06-07,RM709.CZC,963044.0
2017-06-08,RM709.CZC,950422.0
2017-06-09,RM709.CZC,922636.0
2017-06-12,RM709.CZC,933488.0
2017-06-13,RM709.CZC,925386.0
2017-06-14,RM709.CZC,890578.0
2017-06-15,RM709.CZC,872464.0
2017-06-16,RM709.CZC,865062.0
2017-06-19,RM709.CZC,822194.0
2017-06-20,RM709.CZC,797514.0
2017-06-21,RM709.CZC,801166.0
2017-06-22,RM709.CZC,836558.0
2017-06-23,RM709.CZC,842384.0
2017-06-26,RM709.CZC,807478.0
2017-06-27,RM709.CZC,833270.0
2017-06-28,RM709.CZC,843976.0
2017-06-29,RM709.CZC,828644.0
2017-06-30,RM709.CZC,888284.0
2017-07-03,RM709.CZC,775484.0
2017-07-04,RM709.CZC,703018.0
2017-07-05,RM709.CZC,687816.0
2017-07-06,RM709.CZC,679578.0
2017-07-07,RM709.CZC,650380.0
2017-07-10,RM709.CZC,702958.0
2017-07-11,RM709.CZC,625858.0
2017-07-12,RM709.CZC,616164.0
2017-07-13,RM709.CZC,672236.0
2017-07-14,RM709.CZC,623264.0
2017-07-17,RM709.CZC,631286.0
2017-07-18,RM709.CZC,612200.0
2017-07-19,RM709.CZC,609704.0
2017-07-20,RM709.CZC,582894.0
2017-07-21,RM709.CZC,563786.0
2017-07-24,RM709.CZC,506948.0
2017-07-25,RM709.CZC,474912.0
2017-07-26,RM709.CZC,464478.0
2017-07-27,RM709.CZC,450322.0
2017-07-28,RM709.CZC,404564.0
2017-07-31,RM709.CZC,389996.0
2017-08-01,RM801.CZC,395234.0
2017-08-02,RM801.CZC,424108.0
2017-08-03,RM801.CZC,478480.0
2017-08-04,RM801.CZC,533468.0
2017-08-07,RM801.CZC,572310.0
2017-08-08,RM801.CZC,568112.0
2017-08-09,RM801.CZC,587398.0
2017-08-10,RM801.CZC,604034.0
2017-08-11,RM801.CZC,663194.0
2017-08-14,RM801.CZC,692638.0
2017-08-15,RM801.CZC,731398.0
2017-08-16,RM801.CZC,799058.0
2017-08-17,RM801.CZC,794652.0
2017-08-18,RM801.CZC,793818.0
2017-08-21,RM801.CZC,827528.0
2017-08-22,RM801.CZC,820716.0
2017-08-23,RM801.CZC,841822.0
2017-08-24,RM801.CZC,827362.0
2017-08-25,RM801.CZC,827392.0
2017-08-28,RM801.CZC,839476.0
2017-08-29,RM801.CZC,854950.0
2017-08-30,RM801.CZC,881558.0
2017-08-31,RM801.CZC,888986.0
2017-09-01,RM801.CZC,898074.0
2017-09-04,RM801.CZC,895912.0
2017-09-05,RM801.CZC,914330.0
2017-09-06,RM801.CZC,906874.0
2017-09-07,RM801.CZC,918346.0
2017-09-08,RM801.CZC,907006.0
2017-09-11,RM801.CZC,866706.0
2017-09-12,RM801.CZC,898290.0
2017-09-13,RM801.CZC,1015814.0
2017-09-14,RM801.CZC,914608.0
2017-09-15,RM801.CZC,888886.0
2017-09-18,RM801.CZC,837148.0
2017-09-19,RM801.CZC,827314.0
2017-09-20,RM801.CZC,817076.0
2017-09-21,RM801.CZC,876814.0
2017-09-22,RM801.CZC,993994.0
2017-09-25,RM801.CZC,950030.0
2017-09-26,RM801.CZC,973792.0
2017-09-27,RM801.CZC,989140.0
2017-09-28,RM801.CZC,937656.0
2017-09-29,RM801.CZC,781648.0
2017-10-09,RM801.CZC,739160.0
2017-10-10,RM801.CZC,768314.0
2017-10-11,RM801.CZC,820224.0
2017-10-12,RM801.CZC,810670.0
2017-10-13,RM801.CZC,897946.0
2017-10-16,RM801.CZC,883508.0
2017-10-17,RM801.CZC,899318.0
2017-10-18,RM801.CZC,866624.0
2017-10-19,RM801.CZC,858548.0
2017-10-20,RM801.CZC,833044.0
2017-10-23,RM801.CZC,880314.0
2017-10-24,RM801.CZC,832488.0
2017-10-25,RM801.CZC,829210.0
2017-10-26,RM801.CZC,816304.0
2017-10-27,RM801.CZC,769878.0
2017-10-30,RM801.CZC,762214.0
2017-10-31,RM801.CZC,777916.0
2017-11-01,RM801.CZC,744798.0
2017-11-02,RM801.CZC,733798.0
2017-11-03,RM801.CZC,725382.0
2017-11-06,RM801.CZC,747356.0
2017-11-07,RM801.CZC,693280.0
2017-11-08,RM801.CZC,679030.0
2017-11-09,RM801.CZC,667352.0
2017-11-10,RM801.CZC,660572.0
2017-11-13,RM801.CZC,660572.0
2017-11-14,RM801.CZC,614012.0
2017-11-15,RM801.CZC,614012.0
2017-11-16,RM801.CZC,642344.0
2017-11-17,RM801.CZC,641116.0
2017-11-20,RM801.CZC,668146.0
2017-11-21,RM801.CZC,677908.0
2017-11-22,RM801.CZC,651758.0
2017-11-23,RM801.CZC,593354.0
2017-11-24,RM801.CZC,591530.0
2017-11-27,RM801.CZC,576002.0
2017-11-28,RM801.CZC,564616.0
2017-11-29,RM801.CZC,541036.0
2017-11-30,RM801.CZC,504250.0
2017-12-01,RM801.CZC,448426.0
2017-12-04,RM801.CZC,441468.0
2017-12-05,RM805.CZC,431234.0
2017-12-06,RM805.CZC,485442.0
2017-12-07,RM805.CZC,512396.0
2017-12-08,RM805.CZC,532282.0
2017-12-11,RM805.CZC,529436.0
2017-12-12,RM805.CZC,554744.0
2017-12-13,RM805.CZC,576734.0
2017-12-14,RM805.CZC,559560.0
2017-12-15,RM805.CZC,560370.0
2017-12-18,RM805.CZC,591642.0
2017-12-19,RM805.CZC,588998.0
2017-12-20,RM805.CZC,593406.0
2017-12-21,RM805.CZC,591662.0
2017-12-22,RM805.CZC,595824.0
2017-12-25,RM805.CZC,593648.0
2017-12-26,RM805.CZC,603238.0
2017-12-27,RM805.CZC,612128.0
2017-12-28,RM805.CZC,592822.0
2017-12-29,RM805.CZC,597038.0
2018-01-02,RM805.CZC,606340.0
2018-01-03,RM805.CZC,608344.0
2018-01-04,RM805.CZC,625648.0
2018-01-05,RM805.CZC,614906.0
2018-01-08,RM805.CZC,612182.0
2018-01-09,RM805.CZC,609004.0
2018-01-10,RM805.CZC,627854.0
2018-01-11,RM805.CZC,653666.0
2018-01-12,RM805.CZC,674188.0
2018-01-15,RM805.CZC,646858.0
2018-01-16,RM805.CZC,649808.0
2018-01-17,RM805.CZC,649644.0
2018-01-18,RM805.CZC,664428.0
2018-01-19,RM805.CZC,684942.0
2018-01-22,RM805.CZC,685606.0
2018-01-23,RM805.CZC,673756.0
2018-01-24,RM805.CZC,672672.0
2018-01-25,RM805.CZC,702932.0
2018-01-26,RM805.CZC,686806.0
2018-01-29,RM805.CZC,736776.0
2018-01-30,RM805.CZC,765688.0
2018-01-31,RM805.CZC,750854.0
2018-02-01,RM805.CZC,767900.0
2018-02-02,RM805.CZC,740180.0
2018-02-05,RM805.CZC,727818.0
2018-02-06,RM805.CZC,716698.0
2018-02-07,RM805.CZC,735226.0
2018-02-08,RM805.CZC,714578.0
2018-02-09,RM805.CZC,678470.0
2018-02-12,RM805.CZC,719488.0
2018-02-13,RM805.CZC,648932.0
2018-02-14,RM805.CZC,648932.0
2018-02-22,RM805.CZC,642430.0
2018-02-23,RM805.CZC,685542.0
2018-02-26,RM805.CZC,698702.0
2018-02-27,RM805.CZC,682228.0
2018-02-28,RM805.CZC,708234.0
2018-03-01,RM805.CZC,730554.0
2018-03-02,RM805.CZC,753440.0
2018-03-05,RM805.CZC,713304.0
2018-03-06,RM805.CZC,704254.0
2018-03-07,RM805.CZC,697780.0
2018-03-08,RM805.CZC,687282.0
2018-03-09,RM805.CZC,663334.0
2018-03-12,RM805.CZC,650228.0
2018-03-13,RM805.CZC,631986.0
2018-03-14,RM805.CZC,628090.0
2018-03-15,RM805.CZC,588876.0
2018-03-16,RM805.CZC,562160.0
2018-03-19,RM805.CZC,530530.0
2018-03-20,RM805.CZC,503414.0
2018-03-21,RM805.CZC,493822.0
2018-03-22,RM805.CZC,478446.0
2018-03-23,RM805.CZC,435112.0
2018-03-26,RM809.CZC,468780.0
2018-03-27,RM809.CZC,498534.0
2018-03-28,RM809.CZC,520622.0
2018-03-29,RM809.CZC,517484.0
2018-03-30,RM809.CZC,566738.0
2018-04-02,RM809.CZC,600142.0
2018-04-03,RM809.CZC,609022.0
2018-04-04,RM809.CZC,618374.0
2018-04-09,RM809.CZC,616094.0
2018-04-10,RM809.CZC,638392.0
2018-04-11,RM809.CZC,646494.0
2018-04-12,RM809.CZC,629258.0
2018-04-13,RM809.CZC,646698.0
2018-04-16,RM809.CZC,658240.0
2018-04-17,RM809.CZC,683442.0
2018-04-18,RM809.CZC,676158.0
2018-04-19,RM809.CZC,668304.0
2018-04-20,RM809.CZC,664418.0
2018-04-23,RM809.CZC,655938.0
2018-04-24,RM809.CZC,659460.0
2018-04-25,RM809.CZC,685602.0
2018-04-26,RM809.CZC,689944.0
2018-04-27,RM809.CZC,677034.0
2018-05-02,RM809.CZC,658806.0
2018-05-03,RM809.CZC,654740.0
2018-05-04,RM809.CZC,653624.0
2018-05-07,RM809.CZC,651334.0
2018-05-08,RM809.CZC,669128.0
2018-05-09,RM809.CZC,661340.0
2018-05-10,RM809.CZC,670414.0
2018-05-11,RM809.CZC,677516.0
2018-05-14,RM809.CZC,667110.0
2018-05-15,RM809.CZC,663480.0
2018-05-16,RM809.CZC,635354.0
2018-05-17,RM809.CZC,615122.0
2018-05-18,RM809.CZC,620518.0
2018-05-21,RM809.CZC,642954.0
2018-05-22,RM809.CZC,634752.0
2018-05-23,RM809.CZC,661170.0
2018-05-24,RM809.CZC,687612.0
2018-05-25,RM809.CZC,652896.0
2018-05-28,RM809.CZC,651918.0
2018-05-29,RM809.CZC,651102.0
2018-05-30,RM809.CZC,631438.0
2018-05-31,RM809.CZC,628426.0
2018-06-01,RM809.CZC,620460.0
2018-06-04,RM809.CZC,621288.0
2018-06-05,RM809.CZC,619548.0
2018-06-06,RM809.CZC,611598.0
2018-06-07,RM809.CZC,620338.0
2018-06-08,RM809.CZC,668132.0
2018-06-11,RM809.CZC,653018.0
2018-06-12,RM809.CZC,651448.0
2018-06-13,RM809.CZC,645118.0
2018-06-14,RM809.CZC,627576.0
2018-06-15,RM809.CZC,596072.0
2018-06-19,RM809.CZC,532086.0
2018-06-20,RM809.CZC,522670.0
2018-06-21,RM809.CZC,513080.0
2018-06-22,RM809.CZC,527326.0
2018-06-25,RM809.CZC,500364.0
2018-06-26,RM809.CZC,484112.0
2018-06-27,RM809.CZC,499650.0
2018-06-28,RM809.CZC,475736.0
2018-06-29,RM809.CZC,472566.0
2018-07-02,RM809.CZC,508166.0
2018-07-03,RM809.CZC,485266.0
2018-07-04,RM809.CZC,461288.0
2018-07-05,RM809.CZC,478360.0
2018-07-06,RM809.CZC,478360.0
2018-07-09,RM809.CZC,450048.0
2018-07-10,RM809.CZC,461968.0
2018-07-11,RM809.CZC,459360.0
2018-07-12,RM809.CZC,448380.0
2018-07-13,RM809.CZC,437962.0
2018-07-16,RM809.CZC,448730.0
2018-07-17,RM809.CZC,448730.0
2018-07-18,RM809.CZC,435030.0
2018-07-19,RM809.CZC,407492.0
2018-07-20,RM809.CZC,389548.0
2018-07-23,RM809.CZC,390258.0
2018-07-24,RM809.CZC,371036.0
2018-07-25,RM901.CZC,380536.0
2018-07-26,RM901.CZC,402400.0
2018-07-27,RM901.CZC,407932.0
2018-07-30,RM901.CZC,418528.0
2018-07-31,RM901.CZC,426174.0
2018-08-01,RM901.CZC,423038.0
2018-08-02,RM901.CZC,427726.0
2018-08-03,RM901.CZC,443300.0
2018-08-06,RM901.CZC,438428.0
2018-08-07,RM901.CZC,459570.0
2018-08-08,RM901.CZC,498582.0
2018-08-09,RM901.CZC,512844.0
2018-08-10,RM901.CZC,526940.0
2018-08-13,RM901.CZC,509376.0
2018-08-14,RM901.CZC,520740.0
2018-08-15,RM901.CZC,533122.0
2018-08-16,RM901.CZC,515644.0
2018-08-17,RM901.CZC,508146.0
2018-08-20,RM901.CZC,504764.0
2018-08-21,RM901.CZC,501372.0
2018-08-22,RM901.CZC,513984.0
2018-08-23,RM901.CZC,537684.0
2018-08-24,RM901.CZC,532186.0
2018-08-27,RM901.CZC,562950.0
2018-08-28,RM901.CZC,562950.0
2018-08-29,RM901.CZC,554162.0
2018-08-30,RM901.CZC,544338.0
2018-08-31,RM901.CZC,535262.0
2018-09-03,RM901.CZC,563060.0
2018-09-04,RM901.CZC,584960.0
2018-09-05,RM901.CZC,588848.0
2018-09-06,RM901.CZC,580556.0
2018-09-07,RM901.CZC,645494.0
2018-09-10,RM901.CZC,629074.0
2018-09-11,RM901.CZC,622818.0
2018-09-12,RM901.CZC,615386.0
2018-09-13,RM901.CZC,624634.0
2018-09-14,RM901.CZC,592872.0
2018-09-17,RM901.CZC,592872.0
2018-09-18,RM901.CZC,651330.0
2018-09-19,RM901.CZC,649762.0
2018-09-20,RM901.CZC,626010.0
2018-09-21,RM901.CZC,612674.0
2018-09-25,RM901.CZC,646970.0
2018-09-26,RM901.CZC,647300.0
2018-09-27,RM901.CZC,639020.0
2018-09-28,RM901.CZC,635532.0
2018-10-08,RM901.CZC,650456.0
2018-10-09,RM901.CZC,704080.0
2018-10-10,RM901.CZC,727226.0
2018-10-11,RM901.CZC,722760.0
2018-10-12,RM901.CZC,722760.0
2018-10-15,RM901.CZC,713352.0
2018-10-16,RM901.CZC,725638.0
2018-10-17,RM901.CZC,697480.0
2018-10-18,RM901.CZC,696304.0
2018-10-19,RM901.CZC,685696.0
2018-10-22,RM901.CZC,701988.0
2018-10-23,RM901.CZC,690636.0
2018-10-24,RM901.CZC,693744.0
2018-10-25,RM901.CZC,681362.0
2018-10-26,RM901.CZC,720044.0
2018-10-29,RM901.CZC,723400.0
2018-10-30,RM901.CZC,680658.0
2018-10-31,RM901.CZC,680658.0
2018-11-01,RM901.CZC,618152.0
2018-11-02,RM901.CZC,535782.0
2018-11-05,RM901.CZC,460262.0
2018-11-06,RM901.CZC,478068.0
2018-11-07,RM901.CZC,470908.0
2018-11-08,RM901.CZC,489146.0
2018-11-09,RM901.CZC,485604.0
2018-11-12,RM901.CZC,476752.0
2018-11-13,RM901.CZC,465926.0
2018-11-14,RM901.CZC,458010.0
2018-11-15,RM901.CZC,447058.0
2018-11-16,RM901.CZC,423054.0
2018-11-19,RM901.CZC,413686.0
2018-11-20,RM901.CZC,404540.0
2018-11-21,RM901.CZC,411698.0
2018-11-22,RM901.CZC,394178.0
2018-11-23,RM901.CZC,379220.0
2018-11-26,RM905.CZC,339774.0
2018-11-27,RM905.CZC,346644.0
2018-11-28,RM905.CZC,346158.0
2018-11-29,RM905.CZC,339242.0
2018-11-30,RM905.CZC,326650.0
2018-12-03,RM905.CZC,333250.0
2018-12-04,RM905.CZC,343822.0
2018-12-05,RM905.CZC,344016.0
2018-12-06,RM905.CZC,366262.0
2018-12-07,RM905.CZC,362098.0
2018-12-10,RM905.CZC,364386.0
2018-12-11,RM905.CZC,363300.0
2018-12-12,RM905.CZC,389062.0
2018-12-13,RM905.CZC,403428.0
2018-12-14,RM905.CZC,484566.0
2018-12-17,RM905.CZC,498124.0
2018-12-18,RM905.CZC,496968.0
2018-12-19,RM905.CZC,497570.0
2018-12-20,RM905.CZC,497012.0
2018-12-21,RM905.CZC,483592.0
2018-12-24,RM905.CZC,592450.0
2018-12-25,RM905.CZC,576842.0
2018-12-26,RM905.CZC,553552.0
2018-12-27,RM905.CZC,552152.0
2018-12-28,RM905.CZC,509414.0
2019-01-02,RM905.CZC,497888.0
2019-01-03,RM905.CZC,452780.0
2019-01-04,RM905.CZC,448888.0
2019-01-07,RM905.CZC,414176.0
2019-01-08,RM905.CZC,420756.0
2019-01-09,RM905.CZC,418692.0
2019-01-10,RM905.CZC,418288.0
2019-01-11,RM905.CZC,417396.0
2019-01-14,RM905.CZC,458666.0
2019-01-15,RM905.CZC,455140.0
2019-01-16,RM905.CZC,481544.0
2019-01-17,RM905.CZC,481528.0
2019-01-18,RM905.CZC,483428.0
2019-01-21,RM905.CZC,457198.0
2019-01-22,RM905.CZC,444586.0
2019-01-23,RM905.CZC,430354.0
2019-01-24,RM905.CZC,424996.0
2019-01-25,RM905.CZC,443214.0
2019-01-28,RM905.CZC,433488.0
2019-01-29,RM905.CZC,434120.0
2019-01-30,RM905.CZC,429292.0
2019-01-31,RM905.CZC,401748.0
2019-02-01,RM905.CZC,364906.0
2019-02-11,RM905.CZC,395940.0
2019-02-12,RM905.CZC,458596.0
2019-02-13,RM905.CZC,447780.0
2019-02-14,RM905.CZC,452574.0
2019-02-15,RM905.CZC,442598.0
2019-02-18,RM905.CZC,457244.0
2019-02-19,RM905.CZC,485856.0
2019-02-20,RM905.CZC,547582.0
2019-02-21,RM905.CZC,559350.0
2019-02-22,RM905.CZC,601318.0
2019-02-25,RM905.CZC,634174.0
2019-02-26,RM905.CZC,626056.0
2019-02-27,RM905.CZC,680622.0
2019-02-28,RM905.CZC,657024.0
2019-03-01,RM905.CZC,744516.0
2019-03-04,RM905.CZC,632718.0
2019-03-05,RM905.CZC,657250.0
2019-03-06,RM905.CZC,637050.0
2019-03-07,RM905.CZC,564006.0
2019-03-08,RM905.CZC,632076.0
2019-03-11,RM905.CZC,558858.0
2019-03-12,RM905.CZC,482050.0
2019-03-13,RM905.CZC,485802.0
2019-03-14,RM905.CZC,450930.0
2019-03-15,RM905.CZC,442946.0
2019-03-18,RM905.CZC,408300.0
2019-03-19,RM905.CZC,413314.0
2019-03-20,RM905.CZC,406412.0
2019-03-21,RM905.CZC,396156.0
2019-03-22,RM905.CZC,426632.0
2019-03-25,RM905.CZC,390110.0
2019-03-26,RM905.CZC,380140.0
2019-03-27,RM905.CZC,399898.0
2019-03-28,RM905.CZC,362654.0
2019-03-29,RM909.CZC,349960.0
2019-04-01,RM909.CZC,366570.0
2019-04-02,RM909.CZC,359524.0
2019-04-03,RM909.CZC,383620.0
2019-04-04,RM909.CZC,392404.0
2019-04-08,RM909.CZC,413940.0
2019-04-09,RM909.CZC,450326.0
2019-04-10,RM909.CZC,471576.0
2019-04-11,RM909.CZC,483184.0
2019-04-12,RM909.CZC,534630.0
2019-04-15,RM909.CZC,522098.0
2019-04-16,RM909.CZC,526402.0
2019-04-17,RM909.CZC,528476.0
2019-04-18,RM909.CZC,534208.0
2019-04-19,RM909.CZC,559264.0
2019-04-22,RM909.CZC,568106.0
2019-04-23,RM909.CZC,567244.0
2019-04-24,RM909.CZC,592742.0
2019-04-25,RM909.CZC,619114.0
2019-04-26,RM909.CZC,604944.0
2019-04-29,RM909.CZC,594820.0
2019-04-30,RM909.CZC,594820.0
2019-05-06,RM909.CZC,536988.0
2019-05-07,RM909.CZC,528110.0
2019-05-08,RM909.CZC,533518.0
2019-05-09,RM909.CZC,517354.0
2019-05-10,RM909.CZC,496086.0
2019-05-13,RM909.CZC,539712.0
2019-05-14,RM909.CZC,519450.0
2019-05-15,RM909.CZC,543896.0
2019-05-16,RM909.CZC,621240.0
2019-05-17,RM909.CZC,609620.0
2019-05-20,RM909.CZC,650404.0
2019-05-21,RM909.CZC,691846.0
2019-05-22,RM909.CZC,645450.0
2019-05-23,RM909.CZC,640088.0
2019-05-24,RM909.CZC,635108.0
2019-05-27,RM909.CZC,630354.0
2019-05-28,RM909.CZC,652062.0
2019-05-29,RM909.CZC,719904.0
2019-05-30,RM909.CZC,609510.0
2019-05-31,RM909.CZC,587782.0
2019-06-03,RM909.CZC,592176.0
2019-06-04,RM909.CZC,599064.0
2019-06-05,RM909.CZC,580344.0
2019-06-06,RM909.CZC,541274.0
2019-06-10,RM909.CZC,542960.0
2019-06-11,RM909.CZC,546690.0
2019-06-12,RM909.CZC,532962.0
2019-06-13,RM909.CZC,560130.0
2019-06-14,RM909.CZC,554194.0
2019-06-17,RM909.CZC,556558.0
2019-06-18,RM909.CZC,540948.0
2019-06-19,RM909.CZC,506714.0
2019-06-20,RM909.CZC,550652.0
2019-06-21,RM909.CZC,643146.0
2019-06-24,RM909.CZC,768316.0
2019-06-25,RM909.CZC,768316.0
2019-06-26,RM909.CZC,779866.0
2019-06-27,RM909.CZC,735568.0
2019-06-28,RM909.CZC,734134.0
2019-07-01,RM909.CZC,674614.0
2019-07-02,RM909.CZC,695700.0
2019-07-03,RM909.CZC,701512.0
2019-07-04,RM909.CZC,705462.0
2019-07-05,RM909.CZC,691724.0
2019-07-08,RM909.CZC,706922.0
2019-07-09,RM909.CZC,691178.0
2019-07-10,RM909.CZC,686618.0
2019-07-11,RM909.CZC,677468.0
2019-07-12,RM909.CZC,662026.0
2019-07-15,RM909.CZC,654814.0
2019-07-16,RM909.CZC,617024.0
2019-07-17,RM909.CZC,575140.0
2019-07-18,RM909.CZC,541812.0
2019-07-19,RM909.CZC,528588.0
2019-07-22,RM909.CZC,549336.0
2019-07-23,RM909.CZC,502934.0
2019-07-24,RM909.CZC,467720.0
2019-07-25,RM909.CZC,457886.0
2019-07-26,RM909.CZC,437588.0
2019-07-29,RM909.CZC,429548.0
2019-07-30,RM909.CZC,415242.0
2019-07-31,RM909.CZC,409628.0
2019-08-01,RM909.CZC,416180.0
2019-08-02,RM909.CZC,362430.0
2019-08-05,RM909.CZC,344544.0
2019-08-06,RM909.CZC,324006.0
2019-08-07,RM001.CZC,330176.0
2019-08-08,RM001.CZC,351924.0
2019-08-09,RM001.CZC,344376.0
2019-08-12,RM001.CZC,351216.0
2019-08-13,RM001.CZC,378098.0
2019-08-14,RM001.CZC,361212.0
2019-08-15,RM001.CZC,380770.0
2019-08-16,RM001.CZC,385894.0
2019-08-19,RM001.CZC,402932.0
2019-08-20,RM001.CZC,418950.0
2019-08-21,RM001.CZC,443812.0
2019-08-22,RM001.CZC,459636.0
2019-08-23,RM001.CZC,468656.0
2019-08-26,RM001.CZC,464674.0
2019-08-27,RM001.CZC,448734.0
2019-08-28,RM001.CZC,454830.0
2019-08-29,RM001.CZC,477952.0
2019-08-30,RM001.CZC,493708.0
2019-09-02,RM001.CZC,499908.0
2019-09-03,RM001.CZC,518760.0
2019-09-04,RM001.CZC,526410.0
2019-09-05,RM001.CZC,501922.0
2019-09-06,RM001.CZC,473866.0
2019-09-09,RM001.CZC,496550.0
2019-09-10,RM001.CZC,494308.0
2019-09-11,RM001.CZC,538446.0
2019-09-12,RM001.CZC,507842.0
2019-09-16,RM001.CZC,517200.0
2019-09-17,RM001.CZC,525558.0
2019-09-18,RM001.CZC,523074.0
2019-09-19,RM001.CZC,498274.0
2019-09-20,RM001.CZC,481994.0
2019-09-23,RM001.CZC,474376.0
2019-09-24,RM001.CZC,475468.0
2019-09-25,RM001.CZC,445250.0
2019-09-26,RM001.CZC,419542.0
2019-09-27,RM001.CZC,383690.0
2019-09-30,RM001.CZC,340066.0
2019-10-08,RM001.CZC,357060.0
2019-10-09,RM001.CZC,400434.0
2019-10-10,RM001.CZC,392396.0
2019-10-11,RM001.CZC,411952.0
2019-10-14,RM001.CZC,387302.0
2019-10-15,RM001.CZC,389062.0
2019-10-16,RM001.CZC,400666.0
2019-10-17,RM001.CZC,399850.0
2019-10-18,RM001.CZC,406388.0
2019-10-21,RM001.CZC,427672.0
2019-10-22,RM001.CZC,427746.0
2019-10-23,RM001.CZC,422112.0
2019-10-24,RM001.CZC,413742.0
2019-10-25,RM001.CZC,380386.0
2019-10-28,RM001.CZC,370056.0
2019-10-29,RM001.CZC,362408.0
2019-11-01,RM001.CZC,402398.0
